{
  "q_table": {
    "h:3|holes:5|bump:4|lines:0": [
      2.135629091200566,
      0.13028660316173268,
      -6.246565023878921,
      1.308084041547979,
      -21.042259071069537
    ],
    "h:1|holes:2|bump:3|lines:0": [
      2.316579781434315,
      2.160549168586077,
      2.3038316853015286,
      1.0846504386273876,
      -10.34878654026699
    ],
    "h:4|holes:5|bump:4|lines:0": [
      -4.458602584412749,
      -15.187090740940146,
      0.9094366794539881,
      -0.13435172115443272,
      -2.731396879510149
    ],
    "h:5|holes:5|bump:4|lines:0": [
      -0.6245281362197823,
      -2.093467604347517,
      -1.4660292648496687,
      -0.11233221132244603,
      -14.650135400969125
    ],
    "h:2|holes:5|bump:4|lines:0": [
      -9.121350972318556,
      1.023129828690949,
      1.760423918610152,
      -3.5956166664003555,
      -14.322851960842003
    ],
    "h:2|holes:2|bump:4|lines:0": [
      0.3561413837109375,
      0.15,
      0.0,
      0.4918331651475586,
      0.246375
    ],
    "h:0|holes:0|bump:0|lines:0": [
      -2.612329893105469,
      0.3779211439756347,
      -0.8530238229507445,
      -2.695320588490279,
      0.575636291041538
    ],
    "h:1|holes:2|bump:2|lines:0": [
      0.15,
      0.17869593749999998,
      0.201375,
      0.17869593749999998,
      -5.7843853125
    ],
    "h:6|holes:5|bump:4|lines:0": [
      -39.57937921605469,
      -6.644427984375,
      -23.79997012171875,
      -9.55701965625,
      -50.90803781589844
    ],
    "h:0|holes:0|bump:1|lines:0": [
      0.0,
      0.15,
      0.201375,
      -5.0713040625,
      0.25369593749999997
    ],
    "h:1|holes:0|bump:1|lines:0": [
      0.15,
      0.0,
      0.0,
      0.0,
      0.0
    ],
    "h:2|holes:5|bump:3|lines:0": [
      0.21364526484375,
      0.0,
      0.24364526484374996,
      0.44663343749999995,
      0.0
    ],
    "h:1|holes:1|bump:1|lines:0": [
      0.171375,
      0.0,
      0.0,
      0.15,
      0.0
    ],
    "h:6|holes:5|bump:4|lines:1": [
      0.0,
      0.0,
      -1.32,
      0.0,
      0.0
    ],
    "h:1|holes:5|bump:2|lines:0": [
      0.0,
      0.0,
      0.35865,
      0.0,
      -0.34652833883441736
    ],
    "h:0|holes:1|bump:1|lines:0": [
      -7.3901390156249995,
      0.21388453125,
      0.24388453124999998,
      0.0,
      0.66995015625
    ],
    "h:2|holes:4|bump:4|lines:0": [
      0.0,
      0.15,
      0.0,
      0.0,
      -9.68866899972096
    ],
    "h:1|holes:1|bump:3|lines:0": [
      0.0,
      0.0,
      0.0,
      0.0,
      0.0
    ],
    "h:3|holes:2|bump:4|lines:0": [
      0.3597448055917969,
      0.0,
      0.0,
      0.886248385873871,
      -15.49801409981145
    ],
    "h:1|holes:1|bump:2|lines:0": [
      0.298875,
      0.356290921875,
      -3.352502750469532,
      0.0,
      0.2675896875
    ],
    "h:1|holes:3|bump:2|lines:0": [
      0.0,
      0.0,
      0.0,
      0.0,
      0.0
    ]
  },
  "epsilon": 0.9752487531218751
}